{
  "similarity": {
    "method": "tf_idf",
    "k1": 1.2,
    "b" : 0.75
  },
  "def_analyzer": {
    "filter": "lower",
    "tokenizer": "none",
    "stemmer": null,
    "stop_words": false,
    "n_gram": [2,2]
  },
  "fields":{
    "white_list": ["stacktrace.frames.function"]
  },
  "python": {
    "file": "/home/irving/workspace/bug_deduplication_stack_traces/experiments/calculate_metrics.py"
  },
  "fs_directory": "niofs",
  "preprocessing":{
    "stacktrace.frames.function": [
      ["re", "\\(.*\\)"],
      ["re", "^_*GI_+"],
      ["re", "^_+"]
    ]
  }
}